{
  "num_samples": 2413,
  "auroc_macro": 0.7686771328092327,
  "f1_macro": 0.27154239287183185,
  "recall_macro": 0.300777096567208,
  "precision_macro": 0.27419415963373667,
  "per_class_auroc": {
    "Atelectasis": 0.7314595958480293,
    "Cardiomegaly": 0.825362122694873,
    "Effusion": 0.8267384257170587,
    "Infiltration": 0.6790389323604243,
    "Mass": 0.7462273676401902,
    "Nodule": 0.6760475285656453,
    "Pneumonia": 0.6865008376636283,
    "Pneumothorax": 0.8464968152866242,
    "Consolidation": 0.7676966473918025,
    "Edema": 0.8409118891881493,
    "Emphysema": 0.8796157002188184,
    "Fibrosis": 0.7535685517861492,
    "Pleural_Thickening": 0.7246618869154309,
    "Hernia": 0.7771535580524345
  },
  "loss": 0.4123491644859314,
  "loss_std": 0.11986322700977325
}