{
  "num_samples": 2413,
  "auroc_macro": 0.7701756178477626,
  "f1_macro": 0.2723449080235092,
  "recall_macro": 0.3024551220728651,
  "precision_macro": 0.27122122014353656,
  "per_class_auroc": {
    "Atelectasis": 0.7320940746795084,
    "Cardiomegaly": 0.8219300254717833,
    "Effusion": 0.8272776089315149,
    "Infiltration": 0.6825783687773032,
    "Mass": 0.7467511058603731,
    "Nodule": 0.6752360563544657,
    "Pneumonia": 0.6871066057112569,
    "Pneumothorax": 0.8451509829231648,
    "Consolidation": 0.7658237244519226,
    "Edema": 0.8439707579838399,
    "Emphysema": 0.8841185722100656,
    "Fibrosis": 0.7571136878781635,
    "Pleural_Thickening": 0.7256250145487558,
    "Hernia": 0.7876820640865585
  },
  "loss": 0.4121951758861542,
  "loss_std": 0.11993207037448883
}