{
  "num_samples": 1222,
  "auroc_macro": 0.7606401066083109,
  "f1_macro": 0.2619993236053305,
  "recall_macro": 0.29401339609869426,
  "precision_macro": 0.25808536084092015,
  "per_class_auroc": {
    "Atelectasis": 0.7056377100671757,
    "Cardiomegaly": 0.8354824037149476,
    "Effusion": 0.839169583841701,
    "Infiltration": 0.6422154802427111,
    "Mass": 0.7278002947678702,
    "Nodule": 0.677150313809727,
    "Pneumonia": 0.5936101250192931,
    "Pneumothorax": 0.8073907214566316,
    "Consolidation": 0.6858904408555215,
    "Edema": 0.8561324506552783,
    "Emphysema": 0.8498224251648909,
    "Fibrosis": 0.7910617294149233,
    "Pleural_Thickening": 0.7155305452530162,
    "Hernia": 0.9220672682526662
  },
  "loss": 0.422519713640213,
  "loss_std": 0.11419636011123657
}