{
  "checkpoint": "/s/chopin/a/grad/C837864364/Projects/Federated-Thoracic-Pathology-Classification/fl_logs/master/checkpoints/global_final.pt",
  "device": "cpu",
  "id_hospitals": [
    "hospital_a",
    "hospital_b",
    "hospital_c"
  ],
  "ood_hospital": "hospital_d",
  "id_test": {
    "num_samples": 2413,
    "auroc_macro": 0.7686771328092327,
    "f1_macro": 0.27154239287183185,
    "recall_macro": 0.300777096567208,
    "precision_macro": 0.27419415963373667,
    "per_class_auroc": {
      "Atelectasis": 0.7314595958480293,
      "Cardiomegaly": 0.825362122694873,
      "Effusion": 0.8267384257170587,
      "Infiltration": 0.6790389323604243,
      "Mass": 0.7462273676401902,
      "Nodule": 0.6760475285656453,
      "Pneumonia": 0.6865008376636283,
      "Pneumothorax": 0.8464968152866242,
      "Consolidation": 0.7676966473918025,
      "Edema": 0.8409118891881493,
      "Emphysema": 0.8796157002188184,
      "Fibrosis": 0.7535685517861492,
      "Pleural_Thickening": 0.7246618869154309,
      "Hernia": 0.7771535580524345
    },
    "loss": 0.4123491644859314,
    "loss_std": 0.11986322700977325
  },
  "ood_test": {
    "num_samples": 1222,
    "auroc_macro": 0.7613938491442368,
    "f1_macro": 0.258579277139307,
    "recall_macro": 0.2927267138815846,
    "precision_macro": 0.25675871348137,
    "per_class_auroc": {
      "Atelectasis": 0.7102139074214182,
      "Cardiomegaly": 0.83902598982409,
      "Effusion": 0.8406823338920626,
      "Infiltration": 0.6453307680923486,
      "Mass": 0.7187807049864897,
      "Nodule": 0.6693418042135166,
      "Pneumonia": 0.6156621392190152,
      "Pneumothorax": 0.8076713225665649,
      "Consolidation": 0.6846667082372013,
      "Edema": 0.8519719533534832,
      "Emphysema": 0.8481576610857434,
      "Fibrosis": 0.7995910865120506,
      "Pleural_Thickening": 0.7167412712623098,
      "Hernia": 0.9116762373530216
    },
    "loss": 0.4228039085865021,
    "loss_std": 0.11377039551734924
  },
  "ood_generalization_gap": {
    "auroc_gap_id_minus_ood": 0.0072832836649958654,
    "interpretation": "Positive gap means ID performance is higher than OOD performance."
  }
}