{
  "num_samples": 1222,
  "auroc_macro": 0.7613938491442368,
  "f1_macro": 0.258579277139307,
  "recall_macro": 0.2927267138815846,
  "precision_macro": 0.25675871348137,
  "per_class_auroc": {
    "Atelectasis": 0.7102139074214182,
    "Cardiomegaly": 0.83902598982409,
    "Effusion": 0.8406823338920626,
    "Infiltration": 0.6453307680923486,
    "Mass": 0.7187807049864897,
    "Nodule": 0.6693418042135166,
    "Pneumonia": 0.6156621392190152,
    "Pneumothorax": 0.8076713225665649,
    "Consolidation": 0.6846667082372013,
    "Edema": 0.8519719533534832,
    "Emphysema": 0.8481576610857434,
    "Fibrosis": 0.7995910865120506,
    "Pleural_Thickening": 0.7167412712623098,
    "Hernia": 0.9116762373530216
  },
  "loss": 0.4228039085865021,
  "loss_std": 0.11377039551734924
}